no,dosya,takim,yil,tur,boyut_mb,yerel_dosya
1,KTR_00_YXpGnt7IevOLKmM75xNlXyQlgHmz2bTM.pdf,Glieser,2022,KTR (Kritik Tasarım),1.01,ktr/reports/KTR_00_YXpGnt7IevOLKmM75xNlXyQlgHmz2bTM.pdf
2,KTR_01_zrY5U4C9Q5AVFoTXPPQd6mkXHSI9dJhW.pdf,ADYU AI TEAM,2022,KTR (Kritik Tasarım),2.74,ktr/reports/KTR_01_zrY5U4C9Q5AVFoTXPPQd6mkXHSI9dJhW.pdf
3,KTR_02_KNkPuw59vXjJHpyhOYLjwcGAgOdpczsi.pdf,(kapak görselinde),2022,KTR (Kritik Tasarım),1.61,ktr/reports/KTR_02_KNkPuw59vXjJHpyhOYLjwcGAgOdpczsi.pdf
4,KTR_03_txpOUmeMSSd4dZd3cpyj6BbSbxPTlCM8.pdf,(kapak görselinde),2022,KTR (Kritik Tasarım),1.77,ktr/reports/KTR_03_txpOUmeMSSd4dZd3cpyj6BbSbxPTlCM8.pdf
5,KTR_04_5j08MAXDiofjTNfVPzwdaJow1BYgFOee.pdf,(kapak görselinde),2022,KTR (Kritik Tasarım),0.86,ktr/reports/KTR_04_5j08MAXDiofjTNfVPzwdaJow1BYgFOee.pdf
6,KTR_05_wtmRZm4MhC574IKE2Q5tKz6iVoGpi3mQ.pdf,(kapak görselinde),2022,KTR (Kritik Tasarım),2.5,ktr/reports/KTR_05_wtmRZm4MhC574IKE2Q5tKz6iVoGpi3mQ.pdf
7,KTR_06_kvMWDRPa1Pi55wGXnSo9yZo8wgGm8pcW.pdf,DetectionByAI,2022,KTR (Kritik Tasarım),1.7,ktr/reports/KTR_06_kvMWDRPa1Pi55wGXnSo9yZo8wgGm8pcW.pdf
8,KTR_07_7QDnn4Qr0TRWTHCX5d98rPkAgEjaMoOR.pdf,AI-LE,2022,KTR (Kritik Tasarım),1.13,ktr/reports/KTR_07_7QDnn4Qr0TRWTHCX5d98rPkAgEjaMoOR.pdf
9,KTR_08_PhJX36PYmJso87uscHkQSwbe2P7HyFbs.pdf,AI Tech,2022,KTR (Kritik Tasarım) *,1.76,ktr/reports/KTR_08_PhJX36PYmJso87uscHkQSwbe2P7HyFbs.pdf
10,KTR_09_XIwlxnIj0t24f4Xxd0z6a03NhH6W6vLZ.pdf,(kapak görselinde),2022*,KTR (Kritik Tasarım),12.77,ktr/reports/KTR_09_XIwlxnIj0t24f4Xxd0z6a03NhH6W6vLZ.pdf
11,KTR_10_ciRwIDWIaOxqJIKpWWiOhRJtR09vc6y1.pdf,RACLAB - Turing Mind,2022,KTR (Kritik Tasarım),1.95,ktr/reports/KTR_10_ciRwIDWIaOxqJIKpWWiOhRJtR09vc6y1.pdf
12,KTR_11_XN3irtTmrPIFh7XT1wcloyEvTnK2u5Dz.pdf,springnovaAI,2022,KTR (Kritik Tasarım),1.56,ktr/reports/KTR_11_XN3irtTmrPIFh7XT1wcloyEvTnK2u5Dz.pdf
13,KTR_12_iG0MdwwmzU4g74omya3paxGSLfsqawqd.pdf,(kapak görselinde),2022,KTR (Kritik Tasarım),1.97,ktr/reports/KTR_12_iG0MdwwmzU4g74omya3paxGSLfsqawqd.pdf
14,KTR_13_R1bVfdsapUpMaHHTj8runrvxXZPt1Mr4.pdf,(kapak görselinde),2022,KTR (Kritik Tasarım),1.12,ktr/reports/KTR_13_R1bVfdsapUpMaHHTj8runrvxXZPt1Mr4.pdf
15,KTR_14_mYMgQVHFDGJqLncIfpFW4OKvkqwM96ep.pdf,MilAT 1453 Elektromobil,2022,KTR (Kritik Tasarım),1.52,ktr/reports/KTR_14_mYMgQVHFDGJqLncIfpFW4OKvkqwM96ep.pdf
16,KTR_15_4k2FVqOfaCfxYKJLrpEduZhILYvhYW0J.pdf,AVION AI,2022,KTR (Kritik Tasarım),1.65,ktr/reports/KTR_15_4k2FVqOfaCfxYKJLrpEduZhILYvhYW0J.pdf
17,KTR_16_kRhara5Tb6U5EWrKcWkcIcsEdHwDYA2F.pdf,LunAI,2022,KTR (Kritik Tasarım),1.54,ktr/reports/KTR_16_kRhara5Tb6U5EWrKcWkcIcsEdHwDYA2F.pdf
18,KTR_17_91yI3aDgAPHFwnrRx3TBY3kNO6Y48EGE.pdf,Ai Lab - Horizon,2022,KTR (Kritik Tasarım),1.12,ktr/reports/KTR_17_91yI3aDgAPHFwnrRx3TBY3kNO6Y48EGE.pdf
19,KTR_18_ThRW9IbNhUKMh8fANceZc0P4TaBHWqwR.pdf,ZeroAlpha,2022,KTR (Kritik Tasarım),1.03,ktr/reports/KTR_18_ThRW9IbNhUKMh8fANceZc0P4TaBHWqwR.pdf
20,KTR_19_0mvRqixk03djgu1UrRFdWrvwWWcEjIi2.pdf,Bingöl STEM RoboKulüp,2022,KTR (Kritik Tasarım),1.4,ktr/reports/KTR_19_0mvRqixk03djgu1UrRFdWrvwWWcEjIi2.pdf
21,KTR_20_JMB67U7wfZYWXD65OSxabwA7rv5Hsyjw.pdf,DEEP TEACHING,2022,KTR (Kritik Tasarım),3.08,ktr/reports/KTR_20_JMB67U7wfZYWXD65OSxabwA7rv5Hsyjw.pdf
22,KTR_21_h5xJMAQfOceQQbpkNS6cezeqwtvtjoFr.pdf,WENN,2022,KTR (Kritik Tasarım),1.37,ktr/reports/KTR_21_h5xJMAQfOceQQbpkNS6cezeqwtvtjoFr.pdf
23,KTR_22_AGMSZHBzFTW5FoWHy7FHSth9bgCOEJsD.pdf,zekAi,2022*,KTR (Kritik Tasarım),9.51,ktr/reports/KTR_22_AGMSZHBzFTW5FoWHy7FHSth9bgCOEJsD.pdf
24,KTR_23_j1Nfb9YL0SUBqWlCCYHRGvrcDIdhPa6n.pdf,(kapak görselinde),2022,KTR (Kritik Tasarım),1.16,ktr/reports/KTR_23_j1Nfb9YL0SUBqWlCCYHRGvrcDIdhPa6n.pdf
25,KTR_24_ppgZZS6b4CrKprhu6cuOJQwqHkNVknl8.pdf,GÖKKURT-YZ,2022,KTR (Kritik Tasarım),1.91,ktr/reports/KTR_24_ppgZZS6b4CrKprhu6cuOJQwqHkNVknl8.pdf
26,KTR_25_mqY8OwK4x2T4xXeEceNXRYVXlz3lDVJx.pdf,FEZA,2022,KTR (Kritik Tasarım),1.51,ktr/reports/KTR_25_mqY8OwK4x2T4xXeEceNXRYVXlz3lDVJx.pdf
27,KTR_26_kqeaSKZEHQpKs00OQw9iHF1jJTLdCAHw.pdf,(kapak görselinde),2022,KTR (Kritik Tasarım),3.65,ktr/reports/KTR_26_kqeaSKZEHQpKs00OQw9iHF1jJTLdCAHw.pdf
28,KTR_27_9OlaL8VeAetlANzPM1HRVDp8y1FgfimY.pdf,SümerZEKA,2022,KTR (Kritik Tasarım),1.31,ktr/reports/KTR_27_9OlaL8VeAetlANzPM1HRVDp8y1FgfimY.pdf
29,KTR_28_Drqw2FARe7diF94uDk8p0x4T7S7Fai3W.pdf,(kapak görselinde),2022,KTR (Kritik Tasarım),1.5,ktr/reports/KTR_28_Drqw2FARe7diF94uDk8p0x4T7S7Fai3W.pdf
30,KTR_29_TukyVpqUdSdAoV19zdQB7TyplqHFZUoc.pdf,T-KOD SOFTWARE,2022,KTR (Kritik Tasarım),1.46,ktr/reports/KTR_29_TukyVpqUdSdAoV19zdQB7TyplqHFZUoc.pdf
31,KTR_30_GVGN9sj0Fxcrd5kXJrSWsGXGuvgqD3zt.pdf,Semruk,2022,KTR (Kritik Tasarım),1.12,ktr/reports/KTR_30_GVGN9sj0Fxcrd5kXJrSWsGXGuvgqD3zt.pdf
32,KTR_31_mRjj7NeL6sSOCiGQtQT9oje9rFfum0Sr.pdf,SPATIUM Vision,2022,KTR (Kritik Tasarım),1.36,ktr/reports/KTR_31_mRjj7NeL6sSOCiGQtQT9oje9rFfum0Sr.pdf
33,KTR_32_pDBiIN4AcPBQT2027y5nULXC635XFS8s.pdf,EFLATUN AI,2022,KTR (Kritik Tasarım),13.11,ktr/reports/KTR_32_pDBiIN4AcPBQT2027y5nULXC635XFS8s.pdf
34,KTR_33_ob0lHS4qCQbKKk44ufYmvkVVzq63Wmjs.pdf,Minik Şef,2022,KTR (Kritik Tasarım),12.95,ktr/reports/KTR_33_ob0lHS4qCQbKKk44ufYmvkVVzq63Wmjs.pdf
